{
  "1.1.1": {
    "history_ns": [
      15158.153846153846
    ],
    "mean": 15158.153846153846,
    "std": 0.0
  },
  "1.1.10": {
    "history_ns": [
      17366.094017094016
    ],
    "mean": 17366.094017094016,
    "std": 0.0
  },
  "1.1.100": {
    "history_ns": [
      19329.495726495727
    ],
    "mean": 19329.495726495727,
    "std": 0.0
  },
  "1.1.11": {
    "history_ns": [
      26616.478632478633
    ],
    "mean": 26616.478632478633,
    "std": 0.0
  },
  "1.1.12": {
    "history_ns": [
      17534.53846153846
    ],
    "mean": 17534.53846153846,
    "std": 0.0
  },
  "1.1.13": {
    "history_ns": [
      25502.11111111111
    ],
    "mean": 25502.11111111111,
    "std": 0.0
  },
  "1.1.14": {
    "history_ns": [
      18781.69230769231
    ],
    "mean": 18781.69230769231,
    "std": 0.0
  },
  "1.1.15": {
    "history_ns": [
      19060.94017094017
    ],
    "mean": 19060.94017094017,
    "std": 0.0
  },
  "1.1.16": {
    "history_ns": [
      20220.094017094016
    ],
    "mean": 20220.094017094016,
    "std": 0.0
  },
  "1.1.17": {
    "history_ns": [
      18173.11111111111
    ],
    "mean": 18173.11111111111,
    "std": 0.0
  },
  "1.1.18": {
    "history_ns": [
      18588.675213675215
    ],
    "mean": 18588.675213675215,
    "std": 0.0
  },
  "1.1.19": {
    "history_ns": [
      18904.23076923077
    ],
    "mean": 18904.23076923077,
    "std": 0.0
  },
  "1.1.2": {
    "history_ns": [
      15438.03305785124
    ],
    "mean": 15438.03305785124,
    "std": 0.0
  },
  "1.1.20": {
    "history_ns": [
      19004.931623931625
    ],
    "mean": 19004.931623931625,
    "std": 0.0
  },
  "1.1.21": {
    "history_ns": [
      20439.094017094016
    ],
    "mean": 20439.094017094016,
    "std": 0.0
  },
  "1.1.22": {
    "history_ns": [
      21778.153846153848
    ],
    "mean": 21778.153846153848,
    "std": 0.0
  },
  "1.1.23": {
    "history_ns": [
      20899.59829059829
    ],
    "mean": 20899.59829059829,
    "std": 0.0
  },
  "1.1.24": {
    "history_ns": [
      62570.50427350427
    ],
    "mean": 62570.50427350427,
    "std": 0.0
  },
  "1.1.27": {
    "history_ns": [
      116517.20833333333
    ],
    "mean": 116517.20833333333,
    "std": 0.0
  },
  "1.1.3": {
    "history_ns": [
      17028.93388429752
    ],
    "mean": 17028.93388429752,
    "std": 0.0
  },
  "1.1.42": {
    "history_ns": [
      1260390.0
    ],
    "mean": 1260390.0,
    "std": 0.0
  },
  "1.1.46": {
    "history_ns": [
      20717.57264957265
    ],
    "mean": 20717.57264957265,
    "std": 0.0
  },
  "1.1.50": {
    "history_ns": [
      0.0
    ],
    "mean": 0.0,
    "std": 0.0
  },
  "1.1.51": {
    "history_ns": [
      0.0
    ],
    "mean": 0.0,
    "std": 0.0
  },
  "1.1.56": {
    "history_ns": [
      0.0
    ],
    "mean": 0.0,
    "std": 0.0
  },
  "1.1.60": {
    "history_ns": [
      18238.628099173555
    ],
    "mean": 18238.628099173555,
    "std": 0.0
  },
  "1.1.61": {
    "history_ns": [
      18554.478632478633
    ],
    "mean": 18554.478632478633,
    "std": 0.0
  },
  "1.1.62": {
    "history_ns": [
      16569.4358974359
    ],
    "mean": 16569.4358974359,
    "std": 0.0
  },
  "1.1.63": {
    "history_ns": [
      19006.777777777777
    ],
    "mean": 19006.777777777777,
    "std": 0.0
  },
  "1.1.7": {
    "history_ns": [
      15889.57264957265
    ],
    "mean": 15889.57264957265,
    "std": 0.0
  },
  "1.1.73": {
    "history_ns": [
      46690.0625
    ],
    "mean": 46690.0625,
    "std": 0.0
  },
  "1.1.8": {
    "history_ns": [
      17597.5641025641
    ],
    "mean": 17597.5641025641,
    "std": 0.0
  },
  "1.1.9": {
    "history_ns": [
      16552.333333333332
    ],
    "mean": 16552.333333333332,
    "std": 0.0
  },
  "1.2.45": {
    "history_ns": [
      30417.700854700855
    ],
    "mean": 30417.700854700855,
    "std": 0.0
  },
  "1.2.72": {
    "history_ns": [
      556250.1428571428
    ],
    "mean": 556250.1428571428,
    "std": 0.0
  },
  "1.3.1": {
    "history_ns": [
      0.0
    ],
    "mean": 0.0,
    "std": 0.0
  },
  "1.3.10": {
    "history_ns": [
      34533.479338842975
    ],
    "mean": 34533.479338842975,
    "std": 0.0
  },
  "1.3.2": {
    "history_ns": [
      423560.1111111111
    ],
    "mean": 423560.1111111111,
    "std": 0.0
  },
  "1.3.3": {
    "history_ns": [
      186420.94736842104
    ],
    "mean": 186420.94736842104,
    "std": 0.0
  },
  "1.3.4": {
    "history_ns": [
      82498.06818181818
    ],
    "mean": 82498.06818181818,
    "std": 0.0
  },
  "1.3.5": {
    "history_ns": [
      1605206.8
    ],
    "mean": 1605206.8,
    "std": 0.0
  },
  "1.3.7": {
    "history_ns": [
      613831.6086956522
    ],
    "mean": 613831.6086956522,
    "std": 0.0
  },
  "1.3.78": {
    "history_ns": [
      0.0
    ],
    "mean": 0.0,
    "std": 0.0
  },
  "1.3.8": {
    "history_ns": [
      116244.13793103448
    ],
    "mean": 116244.13793103448,
    "std": 0.0
  },
  "1.3.9": {
    "history_ns": [
      40681.243902439026
    ],
    "mean": 40681.243902439026,
    "std": 0.0
  },
  "1.4.101": {
    "history_ns": [
      0.0
    ],
    "mean": 0.0,
    "std": 0.0
  },
  "1.4.102": {
    "history_ns": [
      0.0
    ],
    "mean": 0.0,
    "std": 0.0
  },
  "1.4.108": {
    "history_ns": [
      0.0
    ],
    "mean": 0.0,
    "std": 0.0
  },
  "1.4.13": {
    "history_ns": [
      0.0
    ],
    "mean": 0.0,
    "std": 0.0
  },
  "1.4.14": {
    "history_ns": [
      15519.982905982906
    ],
    "mean": 15519.982905982906,
    "std": 0.0
  },
  "1.4.16": {
    "history_ns": [
      306512.0714285714
    ],
    "mean": 306512.0714285714,
    "std": 0.0
  },
  "1.4.17": {
    "history_ns": [
      48894.35227272727
    ],
    "mean": 48894.35227272727,
    "std": 0.0
  },
  "1.4.18": {
    "history_ns": [
      107192.28205128205
    ],
    "mean": 107192.28205128205,
    "std": 0.0
  },
  "1.4.22": {
    "history_ns": [
      0.0
    ],
    "mean": 0.0,
    "std": 0.0
  },
  "1.4.7": {
    "history_ns": [
      109783.04166666667
    ],
    "mean": 109783.04166666667,
    "std": 0.0
  },
  "1.4.99": {
    "history_ns": [
      0.0
    ],
    "mean": 0.0,
    "std": 0.0
  },
  "3.1.1": {
    "history_ns": [
      0.0
    ],
    "mean": 0.0,
    "std": 0.0
  },
  "3.1.2": {
    "history_ns": [
      0.0
    ],
    "mean": 0.0,
    "std": 0.0
  },
  "3.1.68": {
    "history_ns": [
      0.0
    ],
    "mean": 0.0,
    "std": 0.0
  },
  "3.1.91": {
    "history_ns": [
      0.0
    ],
    "mean": 0.0,
    "std": 0.0
  },
  "3.2.123": {
    "history_ns": [
      0.0
    ],
    "mean": 0.0,
    "std": 0.0
  },
  "3.4.113": {
    "history_ns": [
      0.0
    ],
    "mean": 0.0,
    "std": 0.0
  },
  "3.4.69": {
    "history_ns": [
      0.0
    ],
    "mean": 0.0,
    "std": 0.0
  },
  "3.4.77": {
    "history_ns": [
      0.0
    ],
    "mean": 0.0,
    "std": 0.0
  },
  "3.4.78": {
    "history_ns": [
      0.0
    ],
    "mean": 0.0,
    "std": 0.0
  },
  "4.1.1": {
    "history_ns": [
      15275.632478632479
    ],
    "mean": 15275.632478632479,
    "std": 0.0
  },
  "4.1.2": {
    "history_ns": [
      33994.307692307695
    ],
    "mean": 33994.307692307695,
    "std": 0.0
  },
  "6.1.101": {
    "history_ns": [
      2748918.5
    ],
    "mean": 2748918.5,
    "std": 0.0
  },
  "6.1.102": {
    "history_ns": [
      970368.4
    ],
    "mean": 970368.4,
    "std": 0.0
  },
  "6.1.103": {
    "history_ns": [
      1129604.25
    ],
    "mean": 1129604.25,
    "std": 0.0
  },
  "6.1.107": {
    "history_ns": [
      777242.5
    ],
    "mean": 777242.5,
    "std": 0.0
  },
  "6.1.110": {
    "history_ns": [
      2709644.0
    ],
    "mean": 2709644.0,
    "std": 0.0
  },
  "6.1.65": {
    "history_ns": [
      0.0
    ],
    "mean": 0.0,
    "std": 0.0
  },
  "6.1.69": {
    "history_ns": [
      900937.5
    ],
    "mean": 900937.5,
    "std": 0.0
  },
  "6.1.72": {
    "history_ns": [
      0.0
    ],
    "mean": 0.0,
    "std": 0.0
  },