{
  "1.1.1": {
    "history_ns": [
      5218.708333333333,
      9720.541666666666
    ],
    "mean": 7469.625,
    "std": 2250.9166666666665
  },
  "1.1.10": {
    "history_ns": [
      5114.625,
      9930.625
    ],
    "mean": 7522.625,
    "std": 2408.0
  },
  "1.1.100": {
    "history_ns": [
      5295.166666666667,
      10300.333333333334
    ],
    "mean": 7797.75,
    "std": 2502.5833333333335
  },
  "1.1.11": {
    "history_ns": [
      6036.416666666667,
      11012.041666666666
    ],
    "mean": 8524.229166666666,
    "std": 2487.8124999999995
  },
  "1.1.12": {
    "history_ns": [
      5138.875,
      10324.791666666666
    ],
    "mean": 7731.833333333333,
    "std": 2592.958333333333
  },
  "1.1.13": {
    "history_ns": [
      5107.666666666667,
      9880.375
    ],
    "mean": 7494.020833333334,
    "std": 2386.3541666666665
  },
  "1.1.14": {
    "history_ns": [
      5331.5,
      9932.333333333334
    ],
    "mean": 7631.916666666667,
    "std": 2300.416666666667
  },
  "1.1.15": {
    "history_ns": [
      5173.625,
      9942.666666666666
    ],
    "mean": 7558.145833333333,
    "std": 2384.520833333333
  },
  "1.1.16": {
    "history_ns": [
      5173.583333333333,
      10459.958333333334
    ],
    "mean": 7816.770833333334,
    "std": 2643.1875000000005
  },
  "1.1.17": {
    "history_ns": [
      5269.083333333333,
      10206.666666666666
    ],
    "mean": 7737.875,
    "std": 2468.7916666666665
  },
  "1.1.18": {
    "history_ns": [
      5263.875,
      10473.875
    ],
    "mean": 7868.875,
    "std": 2605.0
  },
  "1.1.19": {
    "history_ns": [
      5564.333333333333,
      10800.375
    ],
    "mean": 8182.354166666666,
    "std": 2618.0208333333335
  },
  "1.1.2": {
    "history_ns": [
      5062.541666666667,
      9734.5
    ],
    "mean": 7398.520833333334,
    "std": 2335.9791666666665
  },
  "1.1.20": {
    "history_ns": [
      5456.625,
      10567.541666666666
    ],
    "mean": 8012.083333333333,
    "std": 2555.458333333333
  },
  "1.1.21": {
    "history_ns": [
      5435.791666666667,
      10499.958333333334
    ],
    "mean": 7967.875,
    "std": 2532.0833333333335
  },
  "1.1.22": {
    "history_ns": [
      5631.958333333333,
      10659.708333333334
    ],
    "mean": 8145.833333333334,
    "std": 2513.8750000000005
  },
  "1.1.23": {
    "history_ns": [
      5633.541666666667,
      10600.708333333334
    ],
    "mean": 8117.125,
    "std": 2483.5833333333335
  },
  "1.1.24": {
    "history_ns": [
      5694.375,
      10947.958333333334
    ],
    "mean": 8321.166666666668,
    "std": 2626.791666666667
  },
  "1.1.3": {
    "history_ns": [
      4987.833333333333,
      10711.791666666666
    ],
    "mean": 7849.8125,
    "std": 2861.9791666666665
  },
  "1.1.7": {
    "history_ns": [
      4987.875,
      9623.333333333334
    ],
    "mean": 7305.604166666667,
    "std": 2317.729166666667
  },
  "1.1.8": {
    "history_ns": [
      4909.708333333333,
      9578.166666666666
    ],
    "mean": 7243.9375,
    "std": 2334.2291666666665
  },
  "1.1.9": {
    "history_ns": [
      4921.833333333333,
      9536.416666666666
    ],
    "mean": 7229.125,
    "std": 2307.2916666666665
  },
  "1.3.2": {
    "history_ns": [
      110560.5,
      210668.0
    ],
    "mean": 160614.25,
    "std": 50053.75
  },
  "1.3.3": {
    "history_ns": [
      95292.5,
      185521.5
    ],
    "mean": 140407.0,
    "std": 45114.5
  },
  "1.3.4": {
    "history_ns": [
      22338.333333333332,
      42717.444444444445
    ],
    "mean": 32527.88888888889,
    "std": 10189.555555555557
  },
  "1.3.5": {
    "history_ns": [
      213581.0,
      410834.0
    ],
    "mean": 312207.5,
    "std": 98626.5
  },
  "1.3.7": {
    "history_ns": [
      71611.0,
      128930.66666666667
    ],
    "mean": 100270.83333333334,
    "std": 28659.833333333336
  },
  "1.3.8": {
    "history_ns": [
      48687.75,
      92041.5
    ],
    "mean": 70364.625,
    "std": 21676.875
  },
  "1.3.9": {
    "history_ns": [
      38107.416666666664,
      72142.0
    ],
    "mean": 55124.70833333333,
    "std": 17017.291666666668
  },
  "1.4.14": {
    "history_ns": [
      26040.0,
      94880.20833333333
    ],
    "mean": 60460.104166666664,
    "std": 34420.104166666664
  },
  "4.1.1": {
    "history_ns": [
      5057.291666666667,
      9949.833333333334
    ],
    "mean": 7503.5625,
    "std": 2446.2708333333335
  },
  "4.1.2": {
    "history_ns": [
      11124.916666666666,
      28062.5
    ],
    "mean": 19593.708333333332,
    "std": 8468.791666666666
  },
  "6.1.101": {
    "history_ns": [
      243998.0,
      465710.0
    ],
    "mean": 354854.0,
    "std": 110856.0
  },
  "6.1.102": {
    "history_ns": [
      113333.5,
      216998.5
    ],
    "mean": 165166.0,
    "std": 51832.5
  },
  "6.1.103": {
    "history_ns": [
      253336.0,
      424292.0
    ],
    "mean": 338814.0,
    "std": 85478.0
  },
  "6.1.107": {
    "history_ns": [
      223125.0,
      431499.0
    ],
    "mean": 327312.0,
    "std": 104187.0
  },
  "6.1.69": {
    "history_ns": [
      217919.0,
      423959.0
    ],
    "mean": 320939.0,
    "std": 103020.0
  },
  "6.1.78": {
    "history_ns": [
      117895.0,
      228104.0
    ],
    "mean": 172999.5,
    "std": 55104.5
  },
  "6.1.87": {
    "history_ns": [
      124625.5,
      242542.0
    ],
    "mean": 183583.75,
    "std": 58958.25
  },
  "6.1.88": {
    "history_ns": [
      61302.5,
      119791.75
    ],
    "mean": 90547.125,
    "std": 29244.625
  },
  "6.4.1": {
    "history_ns": [
      10194.458333333334,
      19432.375
    ],
    "mean": 14813.416666666668,
    "std": 4618.958333333333
  },
  "7.1.12": {
    "history_ns": [
      82001.33333333333,
      164943.66666666666
    ],
    "mean": 123472.5,
    "std": 41471.166666666664
  },
  "7.1.13": {
    "history_ns": [
      236459.0,
      455664.0
    ],
    "mean": 346061.5,
    "std": 109602.5
  },
  "7.1.54": {
    "history_ns": [
      260876.0,
      460584.0
    ],
    "mean": 360730.0,
    "std": 99854.0
  },
  "7.1.9": {
    "history_ns": [
      339584.0,
      455957.0
    ],
    "mean": 397770.5,
    "std": 58186.5
  },
  "7.3.102": {
    "history_ns": [
      48983.4,
      95466.4
    ],
    "mean": 72224.9,
    "std": 23241.499999999996
  },
  "7.3.103": {
    "history_ns": [
      80639.0,
      155874.33333333334
    ],
    "mean": 118256.66666666667,
    "std": 37617.66666666667
  },
  "8.2.1": {
    "history_ns": [
      9680.708333333334,
      18764.0
    ],
    "mean": 14222.354166666668,
    "std": 4541.645833333333
  },
  "8.4.2": {
    "history_ns": [
      138250.5,
      253187.5
    ],
    "mean": 195719.0,
    "std": 57468.5
  }
}