{
  "1.1.2": {
    "history_ns": [
      12753.125
    ],
    "mean": 12753.125,
    "std": 0.0
  },
  "1.3.2": {
    "history_ns": [
      235013.0
    ],
    "mean": 235013.0,
    "std": 0.0
  },
  "1.3.3": {
    "history_ns": [
      209743.0
    ],
    "mean": 209743.0,
    "std": 0.0
  },
  "1.3.8": {
    "history_ns": [
      98478.0
    ],
    "mean": 98478.0,
    "std": 0.0
  },
  "1.3.9": {
    "history_ns": [
      127516.25
    ],
    "mean": 127516.25,
    "std": 0.0
  },
  "1.4.14": {
    "history_ns": [
      238483.125
    ],
    "mean": 238483.125,
    "std": 0.0
  },
  "4.1.1": {
    "history_ns": [
      12711.25
    ],
    "mean": 12711.25,
    "std": 0.0
  },
  "4.1.2": {
    "history_ns": [
      34120.291666666664
    ],
    "mean": 34120.291666666664,
    "std": 0.0
  },
  "6.1.101": {
    "history_ns": [
      462932.0
    ],
    "mean": 462932.0,
    "std": 0.0
  },
  "6.1.107": {
    "history_ns": [
      427094.0
    ],
    "mean": 427094.0,
    "std": 0.0
  },
  "6.1.69": {
    "history_ns": [
      384858.0
    ],
    "mean": 384858.0,
    "std": 0.0
  },
  "6.1.78": {
    "history_ns": [
      293261.5
    ],
    "mean": 293261.5,
    "std": 0.0
  },
  "6.1.87": {
    "history_ns": [
      238984.5
    ],
    "mean": 238984.5,
    "std": 0.0
  },
  "6.1.88": {
    "history_ns": [
      155138.33333333334
    ],
    "mean": 155138.33333333334,
    "std": 0.0
  },
  "6.4.1": {
    "history_ns": [
      17526.541666666668
    ],
    "mean": 17526.541666666668,
    "std": 0.0
  },
  "7.1.12": {
    "history_ns": [
      161760.66666666666
    ],
    "mean": 161760.66666666666,
    "std": 0.0
  },
  "7.1.13": {
    "history_ns": [
      448233.0
    ],
    "mean": 448233.0,
    "std": 0.0
  },
  "7.1.54": {
    "history_ns": [
      661480.0
    ],
    "mean": 661480.0,
    "std": 0.0
  },
  "7.3.102": {
    "history_ns": [
      98786.8
    ],
    "mean": 98786.8,
    "std": 0.0
  },
  "7.3.103": {
    "history_ns": [
      121678.0
    ],
    "mean": 121678.0,
    "std": 0.0
  },
  "8.2.1": {
    "history_ns": [
      18752.0
    ],
    "mean": 18752.0,
    "std": 0.0
  },
  "8.4.2": {
    "history_ns": [
      253077.5
    ],
    "mean": 253077.5,
    "std": 0.0
  }
}