{
  "1.1.2": {
    "history_ns": [
      15135.333333333334
    ],
    "mean": 15135.333333333334,
    "std": 0.0
  },
  "1.3.2": {
    "history_ns": [
      323485.0
    ],
    "mean": 323485.0,
    "std": 0.0
  },
  "1.3.3": {
    "history_ns": [
      256191.0
    ],
    "mean": 256191.0,
    "std": 0.0
  },
  "1.3.8": {
    "history_ns": [
      116740.75
    ],
    "mean": 116740.75,
    "std": 0.0
  },
  "1.3.9": {
    "history_ns": [
      156270.75
    ],
    "mean": 156270.75,
    "std": 0.0
  },
  "1.4.14": {
    "history_ns": [
      288131.625
    ],
    "mean": 288131.625,
    "std": 0.0
  },
  "4.1.1": {
    "history_ns": [
      16639.291666666668
    ],
    "mean": 16639.291666666668,
    "std": 0.0
  },
  "4.1.2": {
    "history_ns": [
      44598.458333333336
    ],
    "mean": 44598.458333333336,
    "std": 0.0
  },
  "6.1.101": {
    "history_ns": [
      553934.0
    ],
    "mean": 553934.0,
    "std": 0.0
  },
  "6.1.102": {
    "history_ns": [
      249965.0
    ],
    "mean": 249965.0,
    "std": 0.0
  },
  "6.1.103": {
    "history_ns": [
      605580.0
    ],
    "mean": 605580.0,
    "std": 0.0
  },
  "6.1.107": {
    "history_ns": [
      545569.0
    ],
    "mean": 545569.0,
    "std": 0.0
  },
  "6.1.69": {
    "history_ns": [
      670517.0
    ],
    "mean": 670517.0,
    "std": 0.0
  },
  "6.1.78": {
    "history_ns": [
      279742.0
    ],
    "mean": 279742.0,
    "std": 0.0
  },
  "6.1.87": {
    "history_ns": [
      287779.5
    ],
    "mean": 287779.5,
    "std": 0.0
  },
  "6.1.88": {
    "history_ns": [
      147806.0
    ],
    "mean": 147806.0,
    "std": 0.0
  },
  "6.4.1": {
    "history_ns": [
      26214.083333333332
    ],
    "mean": 26214.083333333332,
    "std": 0.0
  },
  "7.1.12": {
    "history_ns": [
      211112.33333333334
    ],
    "mean": 211112.33333333334,
    "std": 0.0
  },
  "7.1.13": {
    "history_ns": [
      574586.0
    ],
    "mean": 574586.0,
    "std": 0.0
  },
  "7.1.54": {
    "history_ns": [
      575855.0
    ],
    "mean": 575855.0,
    "std": 0.0
  },
  "7.1.9": {
    "history_ns": [
      534564.0
    ],
    "mean": 534564.0,
    "std": 0.0
  },
  "7.3.102": {
    "history_ns": [
      158218.4
    ],
    "mean": 158218.4,
    "std": 0.0
  },
  "7.3.103": {
    "history_ns": [
      281855.0
    ],
    "mean": 281855.0,
    "std": 0.0
  },
  "8.2.1": {
    "history_ns": [
      22186.916666666668
    ],
    "mean": 22186.916666666668,
    "std": 0.0
  },
  "8.4.2": {
    "history_ns": [
      304774.5
    ],
    "mean": 304774.5,
    "std": 0.0
  }
}